not_matched,conflict_ann,inbed,outbed,distance
52145900,0,0,0,12 days 19:28:42.505001
15990900,0,0,0,7 days 17:25:30.494100
16072600,0,0,0,7 days 17:32:18.994100
